ParticipantNumber,Id,ParticipantId,TaskType,"FinalOutputSatisfaction 
(1=min, 5 =max)","LLMOutputAccuracy
(1=min, 5=max)","RequiredPromptRevisionsForAccuracy 
(1=min, 5=max)","FinalOutputSatisfactory
(0=no, 1=yes)","WouldUseCurrentLLMOutputInRealWorld
(0=no, 1=yes)",ParticipantTaskSurveyJson,PoorLLMOutputRemarks,"SurveyDuration 
(seconds)"
1,2FFD4CEC-6AE3-4D80-91CA-26C2E8DF6E8B,0B5E5505-1163-43AE-F350-08DDDDC9614C,Analytical,3,2,3,1,1,"{""finalOutputSatisfaction"":""3"",""llmOutputAccuracy"":""2"",""requiredPromptRevisionsForAccuracy"":""3"",""finalOutputSatisfactory"":""true"",""wouldUseCurrentLLMOutputInRealWorld"":""true"",""poorLLMOutputRemarks"":""""}",,83
1,34EFC675-95A6-467E-8BA3-6982B9E9B087,0B5E5505-1163-43AE-F350-08DDDDC9614C,Labeling,4,3,2,1,1,"{""finalOutputSatisfaction"":""4"",""llmOutputAccuracy"":""3"",""requiredPromptRevisionsForAccuracy"":""2"",""finalOutputSatisfactory"":""true"",""wouldUseCurrentLLMOutputInRealWorld"":""true"",""poorLLMOutputRemarks"":""""}",,30
1,928D5EEE-2F27-43AD-BB03-73E14234B866,0B5E5505-1163-43AE-F350-08DDDDC9614C,Procedural,5,1,3,1,1,"{""finalOutputSatisfaction"":""5"",""llmOutputAccuracy"":""1"",""requiredPromptRevisionsForAccuracy"":""3"",""finalOutputSatisfactory"":""true"",""wouldUseCurrentLLMOutputInRealWorld"":""true"",""poorLLMOutputRemarks"":""""}",,27
1,9E554857-26FA-45CB-AE34-A1F8DC896364,0B5E5505-1163-43AE-F350-08DDDDC9614C,Creative,2,3,2,1,1,"{""finalOutputSatisfaction"":""2"",""llmOutputAccuracy"":""3"",""requiredPromptRevisionsForAccuracy"":""2"",""finalOutputSatisfactory"":""true"",""wouldUseCurrentLLMOutputInRealWorld"":""true"",""poorLLMOutputRemarks"":""It’s good""}",It’s good,26
1,251F3CA4-AE68-4132-A97A-A260E33090CE,0B5E5505-1163-43AE-F350-08DDDDC9614C,Labeling,2,2,1,0,0,"{""finalOutputSatisfaction"":""2"",""llmOutputAccuracy"":""2"",""requiredPromptRevisionsForAccuracy"":""1"",""finalOutputSatisfactory"":""false"",""wouldUseCurrentLLMOutputInRealWorld"":""false"",""poorLLMOutputRemarks"":""""}",,77
1,2C9CCA7D-3FDF-4C52-BCFE-B01F792D3CF1,0B5E5505-1163-43AE-F350-08DDDDC9614C,Analytical,4,1,1,0,0,"{""finalOutputSatisfaction"":""4"",""llmOutputAccuracy"":""1"",""requiredPromptRevisionsForAccuracy"":""1"",""finalOutputSatisfactory"":""false"",""wouldUseCurrentLLMOutputInRealWorld"":""false"",""poorLLMOutputRemarks"":""""}",,28
1,E47CA3C6-04AC-4746-9F20-DE543AD29962,0B5E5505-1163-43AE-F350-08DDDDC9614C,Procedural,5,5,5,1,1,"{""finalOutputSatisfaction"":""5"",""llmOutputAccuracy"":""5"",""requiredPromptRevisionsForAccuracy"":""5"",""finalOutputSatisfactory"":""true"",""wouldUseCurrentLLMOutputInRealWorld"":""true"",""poorLLMOutputRemarks"":""""}",,54
1,717ADEFA-BFF4-4B72-AA39-EBDF921913A1,0B5E5505-1163-43AE-F350-08DDDDC9614C,Creative,2,3,4,1,1,"{""finalOutputSatisfaction"":""2"",""llmOutputAccuracy"":""3"",""requiredPromptRevisionsForAccuracy"":""4"",""finalOutputSatisfactory"":""true"",""wouldUseCurrentLLMOutputInRealWorld"":""true"",""poorLLMOutputRemarks"":""""}",,33
2,E2F2E0E1-1D9E-4EE0-A857-48DB23791EA3,25E20605-B7A1-4A58-F351-08DDDDC9614C,Analytical,4,5,3,1,1,"{""finalOutputSatisfaction"":""4"",""llmOutputAccuracy"":""5"",""requiredPromptRevisionsForAccuracy"":""3"",""finalOutputSatisfactory"":""true"",""wouldUseCurrentLLMOutputInRealWorld"":""true"",""poorLLMOutputRemarks"":""""}",,94
2,D79FA960-DDB2-4C4B-B77C-75132ABD7920,25E20605-B7A1-4A58-F351-08DDDDC9614C,Creative,5,4,2,1,1,"{""finalOutputSatisfaction"":""5"",""llmOutputAccuracy"":""4"",""requiredPromptRevisionsForAccuracy"":""2"",""finalOutputSatisfactory"":""true"",""wouldUseCurrentLLMOutputInRealWorld"":""true"",""poorLLMOutputRemarks"":""""}",,79
2,199CDDC3-4A6B-4A32-96AF-9A8B6E4B76DC,25E20605-B7A1-4A58-F351-08DDDDC9614C,Creative,3,3,3,1,0,"{""finalOutputSatisfaction"":""3"",""llmOutputAccuracy"":""3"",""requiredPromptRevisionsForAccuracy"":""3"",""finalOutputSatisfactory"":""true"",""wouldUseCurrentLLMOutputInRealWorld"":""false"",""poorLLMOutputRemarks"":""""}",,61
2,69DE42EA-5D7F-44F2-BCE2-9F1AB8CD5E48,25E20605-B7A1-4A58-F351-08DDDDC9614C,Procedural,5,5,1,1,1,"{""finalOutputSatisfaction"":""5"",""llmOutputAccuracy"":""5"",""requiredPromptRevisionsForAccuracy"":""1"",""finalOutputSatisfactory"":""true"",""wouldUseCurrentLLMOutputInRealWorld"":""true"",""poorLLMOutputRemarks"":""""}",,75
2,5D95F2C8-17AE-41F2-80DF-AA9C48DB7664,25E20605-B7A1-4A58-F351-08DDDDC9614C,Analytical,3,3,2,1,1,"{""finalOutputSatisfaction"":""3"",""llmOutputAccuracy"":""3"",""requiredPromptRevisionsForAccuracy"":""2"",""finalOutputSatisfactory"":""true"",""wouldUseCurrentLLMOutputInRealWorld"":""true"",""poorLLMOutputRemarks"":""""}",,196
2,D4BED056-ED0D-4CAC-A72B-B352FDE22AD8,25E20605-B7A1-4A58-F351-08DDDDC9614C,Labeling,4,4,1,1,1,"{""finalOutputSatisfaction"":""4"",""llmOutputAccuracy"":""4"",""requiredPromptRevisionsForAccuracy"":""1"",""finalOutputSatisfactory"":""true"",""wouldUseCurrentLLMOutputInRealWorld"":""true"",""poorLLMOutputRemarks"":""""}",,102
2,26AF1CC2-2DCE-4CBD-A8BC-B4411E76E450,25E20605-B7A1-4A58-F351-08DDDDC9614C,Procedural,5,5,1,1,1,"{""finalOutputSatisfaction"":""5"",""llmOutputAccuracy"":""5"",""requiredPromptRevisionsForAccuracy"":""1"",""finalOutputSatisfactory"":""true"",""wouldUseCurrentLLMOutputInRealWorld"":""true"",""poorLLMOutputRemarks"":""""}",,64
2,9808140F-E837-4356-A0B3-ED3F25506593,25E20605-B7A1-4A58-F351-08DDDDC9614C,Labeling,5,5,1,1,1,"{""finalOutputSatisfaction"":""5"",""llmOutputAccuracy"":""5"",""requiredPromptRevisionsForAccuracy"":""1"",""finalOutputSatisfactory"":""true"",""wouldUseCurrentLLMOutputInRealWorld"":""true"",""poorLLMOutputRemarks"":""""}",,57
3,1DCD3668-FB8F-497D-99CD-2924AEC87DF3,213FEFC1-BC9B-4D26-DFED-08DDDE3BE077,Creative,5,5,1,1,1,"{""finalOutputSatisfaction"":""5"",""llmOutputAccuracy"":""5"",""requiredPromptRevisionsForAccuracy"":""1"",""finalOutputSatisfactory"":""true"",""wouldUseCurrentLLMOutputInRealWorld"":""true"",""poorLLMOutputRemarks"":""""}",,374
3,A5069E88-773E-417E-AAAA-4EE3CA197291,213FEFC1-BC9B-4D26-DFED-08DDDE3BE077,Procedural,3,3,3,1,1,"{""finalOutputSatisfaction"":""3"",""llmOutputAccuracy"":""3"",""requiredPromptRevisionsForAccuracy"":""3"",""finalOutputSatisfactory"":""true"",""wouldUseCurrentLLMOutputInRealWorld"":""true"",""poorLLMOutputRemarks"":""""}",,154
3,E2A0511F-3AC8-487D-9A54-69FB30FF32A5,213FEFC1-BC9B-4D26-DFED-08DDDE3BE077,Analytical,4,3,2,1,1,"{""finalOutputSatisfaction"":""4"",""llmOutputAccuracy"":""3"",""requiredPromptRevisionsForAccuracy"":""2"",""finalOutputSatisfactory"":""true"",""wouldUseCurrentLLMOutputInRealWorld"":""true"",""poorLLMOutputRemarks"":""""}",,110
3,557F9E93-DA53-4CC3-85BB-7EF13717C686,213FEFC1-BC9B-4D26-DFED-08DDDE3BE077,Creative,4,5,2,1,1,"{""finalOutputSatisfaction"":""4"",""llmOutputAccuracy"":""5"",""requiredPromptRevisionsForAccuracy"":""2"",""finalOutputSatisfactory"":""true"",""wouldUseCurrentLLMOutputInRealWorld"":""true"",""poorLLMOutputRemarks"":""""}",,376
3,3F3A5B60-425E-457F-83BB-89160BE37D2B,213FEFC1-BC9B-4D26-DFED-08DDDE3BE077,Procedural,5,5,1,1,1,"{""finalOutputSatisfaction"":""5"",""llmOutputAccuracy"":""5"",""requiredPromptRevisionsForAccuracy"":""1"",""finalOutputSatisfactory"":""true"",""wouldUseCurrentLLMOutputInRealWorld"":""true"",""poorLLMOutputRemarks"":""""}",,98
3,CDC9E92F-49FC-41FB-8396-9CF58CEF5B0F,213FEFC1-BC9B-4D26-DFED-08DDDE3BE077,Labeling,4,3,2,1,1,"{""finalOutputSatisfaction"":""4"",""llmOutputAccuracy"":""3"",""requiredPromptRevisionsForAccuracy"":""2"",""finalOutputSatisfactory"":""true"",""wouldUseCurrentLLMOutputInRealWorld"":""true"",""poorLLMOutputRemarks"":""""}",,132
3,AAE96158-B55E-4F05-8DC8-AFEBC6F2C3ED,213FEFC1-BC9B-4D26-DFED-08DDDE3BE077,Labeling,4,4,2,1,1,"{""finalOutputSatisfaction"":""4"",""llmOutputAccuracy"":""4"",""requiredPromptRevisionsForAccuracy"":""2"",""finalOutputSatisfactory"":""true"",""wouldUseCurrentLLMOutputInRealWorld"":""true"",""poorLLMOutputRemarks"":""""}",,94
3,50393A45-C2D5-40DD-9684-D973A79195A8,213FEFC1-BC9B-4D26-DFED-08DDDE3BE077,Analytical,4,5,1,1,1,"{""finalOutputSatisfaction"":""4"",""llmOutputAccuracy"":""5"",""requiredPromptRevisionsForAccuracy"":""1"",""finalOutputSatisfactory"":""true"",""wouldUseCurrentLLMOutputInRealWorld"":""true"",""poorLLMOutputRemarks"":""""}",,43
4,0A351160-664B-477F-B91B-0DC3FDAD6CA2,A7D9C1AF-FA73-4C73-5E5B-08DDDE789B94,Procedural,4,4,4,1,1,"{""finalOutputSatisfaction"":""4"",""llmOutputAccuracy"":""4"",""requiredPromptRevisionsForAccuracy"":""4"",""finalOutputSatisfactory"":""true"",""wouldUseCurrentLLMOutputInRealWorld"":""true"",""poorLLMOutputRemarks"":""""}",,78
4,0CA1D8FC-A4B9-430C-A6FB-5246B0455833,A7D9C1AF-FA73-4C73-5E5B-08DDDE789B94,Analytical,2,4,4,1,1,"{""finalOutputSatisfaction"":""2"",""llmOutputAccuracy"":""4"",""requiredPromptRevisionsForAccuracy"":""4"",""finalOutputSatisfactory"":""true"",""wouldUseCurrentLLMOutputInRealWorld"":""true"",""poorLLMOutputRemarks"":""""}",,70
4,AE7B7621-58E6-4423-A7FD-5B70FC3FE276,A7D9C1AF-FA73-4C73-5E5B-08DDDE789B94,Labeling,3,3,3,1,1,"{""finalOutputSatisfaction"":""3"",""llmOutputAccuracy"":""3"",""requiredPromptRevisionsForAccuracy"":""3"",""finalOutputSatisfactory"":""true"",""wouldUseCurrentLLMOutputInRealWorld"":""true"",""poorLLMOutputRemarks"":""""}",,62
4,2A5E2D2A-6367-480A-A8A9-68B834EB20D8,A7D9C1AF-FA73-4C73-5E5B-08DDDE789B94,Creative,3,4,5,1,1,"{""finalOutputSatisfaction"":""3"",""llmOutputAccuracy"":""4"",""requiredPromptRevisionsForAccuracy"":""5"",""finalOutputSatisfactory"":""true"",""wouldUseCurrentLLMOutputInRealWorld"":""true"",""poorLLMOutputRemarks"":""""}",,47
4,14CC6A76-01E4-48E0-9B4D-8C3CD886CAAE,A7D9C1AF-FA73-4C73-5E5B-08DDDE789B94,Procedural,3,3,3,1,1,"{""finalOutputSatisfaction"":""3"",""llmOutputAccuracy"":""3"",""requiredPromptRevisionsForAccuracy"":""3"",""finalOutputSatisfactory"":""true"",""wouldUseCurrentLLMOutputInRealWorld"":""true"",""poorLLMOutputRemarks"":""""}",,167
4,42367986-EE1E-49FD-BE38-987D04B7F977,A7D9C1AF-FA73-4C73-5E5B-08DDDE789B94,Analytical,4,4,4,1,1,"{""finalOutputSatisfaction"":""4"",""llmOutputAccuracy"":""4"",""requiredPromptRevisionsForAccuracy"":""4"",""finalOutputSatisfactory"":""true"",""wouldUseCurrentLLMOutputInRealWorld"":""true"",""poorLLMOutputRemarks"":""""}",,486
4,0EF8DD9B-3640-445A-8388-AFFC0479F27B,A7D9C1AF-FA73-4C73-5E5B-08DDDE789B94,Labeling,1,3,5,1,1,"{""finalOutputSatisfaction"":""1"",""llmOutputAccuracy"":""3"",""requiredPromptRevisionsForAccuracy"":""5"",""finalOutputSatisfactory"":""true"",""wouldUseCurrentLLMOutputInRealWorld"":""true"",""poorLLMOutputRemarks"":""""}",,52
4,E462A2BA-95ED-4D6D-A162-D8C2D8901E0A,A7D9C1AF-FA73-4C73-5E5B-08DDDE789B94,Creative,3,5,5,1,1,"{""finalOutputSatisfaction"":""3"",""llmOutputAccuracy"":""5"",""requiredPromptRevisionsForAccuracy"":""5"",""finalOutputSatisfactory"":""true"",""wouldUseCurrentLLMOutputInRealWorld"":""true"",""poorLLMOutputRemarks"":""""}",,32
5,50D12051-970B-4374-8ED5-03477E040273,6A4218C7-29F2-4D66-D0DD-08DDDE8C91E7,Analytical,4,4,1,1,1,"{""finalOutputSatisfaction"":""4"",""llmOutputAccuracy"":""4"",""requiredPromptRevisionsForAccuracy"":""1"",""finalOutputSatisfactory"":""true"",""wouldUseCurrentLLMOutputInRealWorld"":""true"",""poorLLMOutputRemarks"":""""}",,20
5,A5BE46C7-F415-4278-B497-2A67868C5892,6A4218C7-29F2-4D66-D0DD-08DDDE8C91E7,Analytical,4,4,1,1,1,"{""finalOutputSatisfaction"":""4"",""llmOutputAccuracy"":""4"",""requiredPromptRevisionsForAccuracy"":""1"",""finalOutputSatisfactory"":""true"",""wouldUseCurrentLLMOutputInRealWorld"":""true"",""poorLLMOutputRemarks"":""""}",,15
5,7A08CE66-CFD4-40E0-98BB-34622742041D,6A4218C7-29F2-4D66-D0DD-08DDDE8C91E7,Procedural,4,4,1,1,1,"{""finalOutputSatisfaction"":""4"",""llmOutputAccuracy"":""4"",""requiredPromptRevisionsForAccuracy"":""1"",""finalOutputSatisfactory"":""true"",""wouldUseCurrentLLMOutputInRealWorld"":""true"",""poorLLMOutputRemarks"":""""}",,11
5,96359B3D-659D-449D-B4FE-54CD19F1A2A9,6A4218C7-29F2-4D66-D0DD-08DDDE8C91E7,Procedural,4,4,1,1,1,"{""finalOutputSatisfaction"":""4"",""llmOutputAccuracy"":""4"",""requiredPromptRevisionsForAccuracy"":""1"",""finalOutputSatisfactory"":""true"",""wouldUseCurrentLLMOutputInRealWorld"":""true"",""poorLLMOutputRemarks"":""""}",,16
5,31C52008-93F1-4316-9817-623BEB9A3807,6A4218C7-29F2-4D66-D0DD-08DDDE8C91E7,Labeling,1,2,3,0,1,"{""finalOutputSatisfaction"":""1"",""llmOutputAccuracy"":""2"",""requiredPromptRevisionsForAccuracy"":""3"",""finalOutputSatisfactory"":""false"",""wouldUseCurrentLLMOutputInRealWorld"":""true"",""poorLLMOutputRemarks"":""""}",,200
5,832E0EF7-EA9D-489E-B502-74AD0DFFAF46,6A4218C7-29F2-4D66-D0DD-08DDDE8C91E7,Labeling,5,4,1,1,1,"{""finalOutputSatisfaction"":""5"",""llmOutputAccuracy"":""4"",""requiredPromptRevisionsForAccuracy"":""1"",""finalOutputSatisfactory"":""true"",""wouldUseCurrentLLMOutputInRealWorld"":""true"",""poorLLMOutputRemarks"":""""}",,65
5,EDA414D1-44B5-4CDB-9B4E-8825C5526069,6A4218C7-29F2-4D66-D0DD-08DDDE8C91E7,Creative,4,4,1,1,1,"{""finalOutputSatisfaction"":""4"",""llmOutputAccuracy"":""4"",""requiredPromptRevisionsForAccuracy"":""1"",""finalOutputSatisfactory"":""true"",""wouldUseCurrentLLMOutputInRealWorld"":""true"",""poorLLMOutputRemarks"":""""}",,19
5,D4E0A18E-A999-446F-A20B-A0A570F5E912,6A4218C7-29F2-4D66-D0DD-08DDDE8C91E7,Creative,4,4,1,1,1,"{""finalOutputSatisfaction"":""4"",""llmOutputAccuracy"":""4"",""requiredPromptRevisionsForAccuracy"":""1"",""finalOutputSatisfactory"":""true"",""wouldUseCurrentLLMOutputInRealWorld"":""true"",""poorLLMOutputRemarks"":""""}",,12
6,67FE8539-0DE0-4C38-AD18-51E2CCDD86F9,1797D4AF-A451-41A2-3A3B-08DDDE96C034,Analytical,4,5,1,1,0,"{""finalOutputSatisfaction"":""4"",""llmOutputAccuracy"":""5"",""requiredPromptRevisionsForAccuracy"":""1"",""finalOutputSatisfactory"":""true"",""wouldUseCurrentLLMOutputInRealWorld"":""false"",""poorLLMOutputRemarks"":""""}",,49
6,D9A925DE-1C17-4864-85D4-53D9291DF919,1797D4AF-A451-41A2-3A3B-08DDDE96C034,Procedural,2,3,1,1,0,"{""finalOutputSatisfaction"":""2"",""llmOutputAccuracy"":""3"",""requiredPromptRevisionsForAccuracy"":""1"",""finalOutputSatisfactory"":""true"",""wouldUseCurrentLLMOutputInRealWorld"":""false"",""poorLLMOutputRemarks"":""""}",,46
6,555A266C-3186-4A96-AAE0-699733E61B41,1797D4AF-A451-41A2-3A3B-08DDDE96C034,Procedural,4,4,1,1,1,"{""finalOutputSatisfaction"":""4"",""llmOutputAccuracy"":""4"",""requiredPromptRevisionsForAccuracy"":""1"",""finalOutputSatisfactory"":""true"",""wouldUseCurrentLLMOutputInRealWorld"":""true"",""poorLLMOutputRemarks"":""""}",,29
6,8A3BD882-2FA8-48D9-AC54-89A2CAAA8C99,1797D4AF-A451-41A2-3A3B-08DDDE96C034,Labeling,2,3,3,1,1,"{""finalOutputSatisfaction"":""2"",""llmOutputAccuracy"":""3"",""requiredPromptRevisionsForAccuracy"":""3"",""finalOutputSatisfactory"":""true"",""wouldUseCurrentLLMOutputInRealWorld"":""true"",""poorLLMOutputRemarks"":""""}",,111
6,20DF52FD-52EC-48AB-9F69-B52ABE6D916B,1797D4AF-A451-41A2-3A3B-08DDDE96C034,Analytical,4,5,1,1,0,"{""finalOutputSatisfaction"":""4"",""llmOutputAccuracy"":""5"",""requiredPromptRevisionsForAccuracy"":""1"",""finalOutputSatisfactory"":""true"",""wouldUseCurrentLLMOutputInRealWorld"":""false"",""poorLLMOutputRemarks"":""""}",,38
6,ACFFB056-CEE2-43C7-B1F8-D6259044EBAA,1797D4AF-A451-41A2-3A3B-08DDDE96C034,Creative,4,4,1,1,1,"{""finalOutputSatisfaction"":""4"",""llmOutputAccuracy"":""4"",""requiredPromptRevisionsForAccuracy"":""1"",""finalOutputSatisfactory"":""true"",""wouldUseCurrentLLMOutputInRealWorld"":""true"",""poorLLMOutputRemarks"":""""}",,27
6,706742DC-3730-49F1-9A63-D9E853ABB07D,1797D4AF-A451-41A2-3A3B-08DDDE96C034,Labeling,5,4,2,1,1,"{""finalOutputSatisfaction"":""5"",""llmOutputAccuracy"":""4"",""requiredPromptRevisionsForAccuracy"":""2"",""finalOutputSatisfactory"":""true"",""wouldUseCurrentLLMOutputInRealWorld"":""true"",""poorLLMOutputRemarks"":""""}",,82
6,A8E84055-60D9-4173-B173-F74984EE853C,1797D4AF-A451-41A2-3A3B-08DDDE96C034,Creative,4,5,1,1,1,"{""finalOutputSatisfaction"":""4"",""llmOutputAccuracy"":""5"",""requiredPromptRevisionsForAccuracy"":""1"",""finalOutputSatisfactory"":""true"",""wouldUseCurrentLLMOutputInRealWorld"":""true"",""poorLLMOutputRemarks"":""""}",,72
7,65780830-3D00-42E2-BDD7-06A3C73F63AA,C480B7A6-7ADF-43A3-2266-08DDDEF6AB90,Analytical,4,4,4,1,1,"{""finalOutputSatisfaction"":""4"",""llmOutputAccuracy"":""4"",""requiredPromptRevisionsForAccuracy"":""4"",""finalOutputSatisfactory"":""true"",""wouldUseCurrentLLMOutputInRealWorld"":""true"",""poorLLMOutputRemarks"":""""}",,29
7,3FD14941-522F-4DAC-8595-09E22A71CC70,C480B7A6-7ADF-43A3-2266-08DDDEF6AB90,Creative,3,3,3,1,1,"{""finalOutputSatisfaction"":""3"",""llmOutputAccuracy"":""3"",""requiredPromptRevisionsForAccuracy"":""3"",""finalOutputSatisfactory"":""true"",""wouldUseCurrentLLMOutputInRealWorld"":""true"",""poorLLMOutputRemarks"":""""}",,87
7,A2B41967-23F1-420A-B9FB-1E5A0A690A35,C480B7A6-7ADF-43A3-2266-08DDDEF6AB90,Creative,5,5,5,1,1,"{""finalOutputSatisfaction"":""5"",""llmOutputAccuracy"":""5"",""requiredPromptRevisionsForAccuracy"":""5"",""finalOutputSatisfactory"":""true"",""wouldUseCurrentLLMOutputInRealWorld"":""true"",""poorLLMOutputRemarks"":""""}",,43
7,AC851A77-9A33-4D2F-9E6F-204B1DBF5229,C480B7A6-7ADF-43A3-2266-08DDDEF6AB90,Labeling,3,3,3,1,1,"{""finalOutputSatisfaction"":""3"",""llmOutputAccuracy"":""3"",""requiredPromptRevisionsForAccuracy"":""3"",""finalOutputSatisfactory"":""true"",""wouldUseCurrentLLMOutputInRealWorld"":""true"",""poorLLMOutputRemarks"":""""}",,100
7,9D4C0AD0-5805-4A3E-80A1-A0125FA4A682,C480B7A6-7ADF-43A3-2266-08DDDEF6AB90,Procedural,5,4,5,1,1,"{""finalOutputSatisfaction"":""5"",""llmOutputAccuracy"":""4"",""requiredPromptRevisionsForAccuracy"":""5"",""finalOutputSatisfactory"":""true"",""wouldUseCurrentLLMOutputInRealWorld"":""true"",""poorLLMOutputRemarks"":""""}",,58
7,6C735F2C-594D-4313-A905-A2C02E435006,C480B7A6-7ADF-43A3-2266-08DDDEF6AB90,Analytical,5,5,4,1,1,"{""finalOutputSatisfaction"":""5"",""llmOutputAccuracy"":""5"",""requiredPromptRevisionsForAccuracy"":""4"",""finalOutputSatisfactory"":""true"",""wouldUseCurrentLLMOutputInRealWorld"":""true"",""poorLLMOutputRemarks"":""""}",,22
7,9CEC6563-F5B0-43A7-A0A4-A81FA8930E5C,C480B7A6-7ADF-43A3-2266-08DDDEF6AB90,Labeling,4,4,4,1,1,"{""finalOutputSatisfaction"":""4"",""llmOutputAccuracy"":""4"",""requiredPromptRevisionsForAccuracy"":""4"",""finalOutputSatisfactory"":""true"",""wouldUseCurrentLLMOutputInRealWorld"":""true"",""poorLLMOutputRemarks"":""""}",,102
7,E8764B38-E2E8-459E-8955-B4D6190087C6,C480B7A6-7ADF-43A3-2266-08DDDEF6AB90,Procedural,1,1,4,0,0,"{""finalOutputSatisfaction"":""1"",""llmOutputAccuracy"":""1"",""requiredPromptRevisionsForAccuracy"":""4"",""finalOutputSatisfactory"":""false"",""wouldUseCurrentLLMOutputInRealWorld"":""false"",""poorLLMOutputRemarks"":""""}",,359
8,9EFBCE1A-DB5C-499E-980B-119B0EF32556,23DA79C7-8437-4AC4-197E-08DDDF47FF16,Creative,4,5,3,1,1,"{""finalOutputSatisfaction"":""4"",""llmOutputAccuracy"":""5"",""requiredPromptRevisionsForAccuracy"":""3"",""finalOutputSatisfactory"":""true"",""wouldUseCurrentLLMOutputInRealWorld"":""true"",""poorLLMOutputRemarks"":""""}",,87
8,3586D1E1-AC13-4FD1-A9B9-1676E2010F9C,23DA79C7-8437-4AC4-197E-08DDDF47FF16,Creative,5,5,2,1,1,"{""finalOutputSatisfaction"":""5"",""llmOutputAccuracy"":""5"",""requiredPromptRevisionsForAccuracy"":""2"",""finalOutputSatisfactory"":""true"",""wouldUseCurrentLLMOutputInRealWorld"":""true"",""poorLLMOutputRemarks"":""""}",,35
8,851DDABB-E84D-4DCB-8B32-3DB857F82C2E,23DA79C7-8437-4AC4-197E-08DDDF47FF16,Analytical,5,5,5,1,1,"{""finalOutputSatisfaction"":""5"",""llmOutputAccuracy"":""5"",""requiredPromptRevisionsForAccuracy"":""5"",""finalOutputSatisfactory"":""true"",""wouldUseCurrentLLMOutputInRealWorld"":""true"",""poorLLMOutputRemarks"":""""}",,31
8,1DBC691F-FD84-42A1-9297-4F6191006D55,23DA79C7-8437-4AC4-197E-08DDDF47FF16,Analytical,2,3,2,1,1,"{""finalOutputSatisfaction"":""2"",""llmOutputAccuracy"":""3"",""requiredPromptRevisionsForAccuracy"":""2"",""finalOutputSatisfactory"":""true"",""wouldUseCurrentLLMOutputInRealWorld"":""true"",""poorLLMOutputRemarks"":""""}",,46
8,0EFF06E9-48B6-4143-94B6-CA0ED63E015A,23DA79C7-8437-4AC4-197E-08DDDF47FF16,Labeling,5,5,2,1,1,"{""finalOutputSatisfaction"":""5"",""llmOutputAccuracy"":""5"",""requiredPromptRevisionsForAccuracy"":""2"",""finalOutputSatisfactory"":""true"",""wouldUseCurrentLLMOutputInRealWorld"":""true"",""poorLLMOutputRemarks"":""""}",,20
8,276B3BD2-F528-4593-9234-CA462D33FB43,23DA79C7-8437-4AC4-197E-08DDDF47FF16,Procedural,5,5,2,1,1,"{""finalOutputSatisfaction"":""5"",""llmOutputAccuracy"":""5"",""requiredPromptRevisionsForAccuracy"":""2"",""finalOutputSatisfactory"":""true"",""wouldUseCurrentLLMOutputInRealWorld"":""true"",""poorLLMOutputRemarks"":""""}",,26
8,9E0D0AA7-FA3C-4EBF-924E-CFB1F8E8B71F,23DA79C7-8437-4AC4-197E-08DDDF47FF16,Labeling,3,3,2,1,1,"{""finalOutputSatisfaction"":""3"",""llmOutputAccuracy"":""3"",""requiredPromptRevisionsForAccuracy"":""2"",""finalOutputSatisfactory"":""true"",""wouldUseCurrentLLMOutputInRealWorld"":""true"",""poorLLMOutputRemarks"":""""}",,19
8,D3344B17-490F-46DA-AD24-DAD9E34054DC,23DA79C7-8437-4AC4-197E-08DDDF47FF16,Procedural,5,5,5,1,1,"{""finalOutputSatisfaction"":""5"",""llmOutputAccuracy"":""5"",""requiredPromptRevisionsForAccuracy"":""5"",""finalOutputSatisfactory"":""true"",""wouldUseCurrentLLMOutputInRealWorld"":""true"",""poorLLMOutputRemarks"":""""}",,30
9,895EF883-B684-4617-9906-0936590095D0,0854A76B-923D-4F74-9890-08DDE0A4F627,Analytical,5,5,1,1,1,"{""finalOutputSatisfaction"":""5"",""llmOutputAccuracy"":""5"",""requiredPromptRevisionsForAccuracy"":""1"",""finalOutputSatisfactory"":""true"",""wouldUseCurrentLLMOutputInRealWorld"":""true"",""poorLLMOutputRemarks"":""""}",,87
9,68A7A9A6-16B5-4093-A611-2EA528594BF1,0854A76B-923D-4F74-9890-08DDE0A4F627,Creative,5,5,4,1,1,"{""finalOutputSatisfaction"":""5"",""llmOutputAccuracy"":""5"",""requiredPromptRevisionsForAccuracy"":""4"",""finalOutputSatisfactory"":""true"",""wouldUseCurrentLLMOutputInRealWorld"":""true"",""poorLLMOutputRemarks"":""""}",,75
9,AD871F24-3120-426F-8A1B-5BF6696C5B34,0854A76B-923D-4F74-9890-08DDE0A4F627,Labeling,4,5,1,1,1,"{""finalOutputSatisfaction"":""4"",""llmOutputAccuracy"":""5"",""requiredPromptRevisionsForAccuracy"":""1"",""finalOutputSatisfactory"":""true"",""wouldUseCurrentLLMOutputInRealWorld"":""true"",""poorLLMOutputRemarks"":""""}",,91
9,3043DBB5-2346-499B-87EE-723A494741DE,0854A76B-923D-4F74-9890-08DDE0A4F627,Procedural,5,5,1,1,1,"{""finalOutputSatisfaction"":""5"",""llmOutputAccuracy"":""5"",""requiredPromptRevisionsForAccuracy"":""1"",""finalOutputSatisfactory"":""true"",""wouldUseCurrentLLMOutputInRealWorld"":""true"",""poorLLMOutputRemarks"":""""}",,66
9,8F6F7F33-EDD5-4AE2-BA96-77F4E442E14D,0854A76B-923D-4F74-9890-08DDE0A4F627,Labeling,3,3,2,0,1,"{""finalOutputSatisfaction"":""3"",""llmOutputAccuracy"":""3"",""requiredPromptRevisionsForAccuracy"":""2"",""finalOutputSatisfactory"":""false"",""wouldUseCurrentLLMOutputInRealWorld"":""true"",""poorLLMOutputRemarks"":""It only recommended me to go to the location which has weight or to measure it on airport.""}",It only recommended me to go to the location which has weight or to measure it on airport.,253
9,E3E10D3B-606E-44BD-9AD8-B260952CE11D,0854A76B-923D-4F74-9890-08DDE0A4F627,Analytical,5,5,2,1,1,"{""finalOutputSatisfaction"":""5"",""llmOutputAccuracy"":""5"",""requiredPromptRevisionsForAccuracy"":""2"",""finalOutputSatisfactory"":""true"",""wouldUseCurrentLLMOutputInRealWorld"":""true"",""poorLLMOutputRemarks"":""""}",,113
9,611DD6FF-C10C-4EA2-AC34-BE126391E734,0854A76B-923D-4F74-9890-08DDE0A4F627,Creative,5,5,5,1,1,"{""finalOutputSatisfaction"":""5"",""llmOutputAccuracy"":""5"",""requiredPromptRevisionsForAccuracy"":""5"",""finalOutputSatisfactory"":""true"",""wouldUseCurrentLLMOutputInRealWorld"":""true"",""poorLLMOutputRemarks"":""""}",,149
9,AEA236B5-4515-49AC-BEAD-C80C2DCDD725,0854A76B-923D-4F74-9890-08DDE0A4F627,Procedural,5,5,1,1,1,"{""finalOutputSatisfaction"":""5"",""llmOutputAccuracy"":""5"",""requiredPromptRevisionsForAccuracy"":""1"",""finalOutputSatisfactory"":""true"",""wouldUseCurrentLLMOutputInRealWorld"":""true"",""poorLLMOutputRemarks"":""""}",,48
10,41D0F8A6-79C7-49DF-9FBE-1ECDACB85713,6414A6B5-50A9-412C-D3C5-08DDE0FB2A25,Procedural,5,5,1,1,1,"{""finalOutputSatisfaction"":""5"",""llmOutputAccuracy"":""5"",""requiredPromptRevisionsForAccuracy"":""1"",""finalOutputSatisfactory"":""true"",""wouldUseCurrentLLMOutputInRealWorld"":""true"",""poorLLMOutputRemarks"":""""}",,34
10,D59D56C1-F999-48E1-A22D-2DD367968980,6414A6B5-50A9-412C-D3C5-08DDE0FB2A25,Creative,4,4,2,1,1,"{""finalOutputSatisfaction"":""4"",""llmOutputAccuracy"":""4"",""requiredPromptRevisionsForAccuracy"":""2"",""finalOutputSatisfactory"":""true"",""wouldUseCurrentLLMOutputInRealWorld"":""true"",""poorLLMOutputRemarks"":""""}",,60
10,D6DC1517-6900-4F03-A4DD-478BE9DEDE40,6414A6B5-50A9-412C-D3C5-08DDE0FB2A25,Labeling,5,5,1,1,1,"{""finalOutputSatisfaction"":""5"",""llmOutputAccuracy"":""5"",""requiredPromptRevisionsForAccuracy"":""1"",""finalOutputSatisfactory"":""true"",""wouldUseCurrentLLMOutputInRealWorld"":""true"",""poorLLMOutputRemarks"":""""}",,45
10,2286817F-0594-46E2-88DE-6FBDB424D8F4,6414A6B5-50A9-412C-D3C5-08DDE0FB2A25,Labeling,2,2,3,1,0,"{""finalOutputSatisfaction"":""2"",""llmOutputAccuracy"":""2"",""requiredPromptRevisionsForAccuracy"":""3"",""finalOutputSatisfactory"":""true"",""wouldUseCurrentLLMOutputInRealWorld"":""false"",""poorLLMOutputRemarks"":""""}",,111
10,BD9D8009-2F8B-42DD-BDB6-8DF5EEDC40FA,6414A6B5-50A9-412C-D3C5-08DDE0FB2A25,Procedural,3,3,1,1,0,"{""finalOutputSatisfaction"":""3"",""llmOutputAccuracy"":""3"",""requiredPromptRevisionsForAccuracy"":""1"",""finalOutputSatisfactory"":""true"",""wouldUseCurrentLLMOutputInRealWorld"":""false"",""poorLLMOutputRemarks"":""""}",,39
10,8C1B2360-37D7-4B45-BE63-9A280796EB74,6414A6B5-50A9-412C-D3C5-08DDE0FB2A25,Analytical,4,4,1,1,1,"{""finalOutputSatisfaction"":""4"",""llmOutputAccuracy"":""4"",""requiredPromptRevisionsForAccuracy"":""1"",""finalOutputSatisfactory"":""true"",""wouldUseCurrentLLMOutputInRealWorld"":""true"",""poorLLMOutputRemarks"":""""}",,40
10,4CFD627F-D87E-4256-BE21-E6E63CDF8645,6414A6B5-50A9-412C-D3C5-08DDE0FB2A25,Creative,3,3,2,0,0,"{""finalOutputSatisfaction"":""3"",""llmOutputAccuracy"":""3"",""requiredPromptRevisionsForAccuracy"":""2"",""finalOutputSatisfactory"":""false"",""wouldUseCurrentLLMOutputInRealWorld"":""false"",""poorLLMOutputRemarks"":""""}",,84
10,81A3B49F-0939-4428-A714-EF97191C669A,6414A6B5-50A9-412C-D3C5-08DDE0FB2A25,Analytical,5,5,1,1,1,"{""finalOutputSatisfaction"":""5"",""llmOutputAccuracy"":""5"",""requiredPromptRevisionsForAccuracy"":""1"",""finalOutputSatisfactory"":""true"",""wouldUseCurrentLLMOutputInRealWorld"":""true"",""poorLLMOutputRemarks"":""""}",,73
11,FB2AF4FF-93FB-4DE2-9639-18036EF633AD,934A741B-AF2B-442A-91BE-08DDE103FB15,Procedural,4,4,3,1,1,"{""finalOutputSatisfaction"":""4"",""llmOutputAccuracy"":""4"",""requiredPromptRevisionsForAccuracy"":""3"",""finalOutputSatisfactory"":""true"",""wouldUseCurrentLLMOutputInRealWorld"":""true"",""poorLLMOutputRemarks"":""""}",,133
11,01D4BC45-6B94-4F96-8360-34AF2CD216EA,934A741B-AF2B-442A-91BE-08DDE103FB15,Labeling,2,4,4,1,0,"{""finalOutputSatisfaction"":""2"",""llmOutputAccuracy"":""4"",""requiredPromptRevisionsForAccuracy"":""4"",""finalOutputSatisfactory"":""true"",""wouldUseCurrentLLMOutputInRealWorld"":""false"",""poorLLMOutputRemarks"":""""}",,247
11,CB9A2BBB-72FF-412A-9589-6BEFE49241DC,934A741B-AF2B-442A-91BE-08DDE103FB15,Creative,2,4,2,1,1,"{""finalOutputSatisfaction"":""2"",""llmOutputAccuracy"":""4"",""requiredPromptRevisionsForAccuracy"":""2"",""finalOutputSatisfactory"":""true"",""wouldUseCurrentLLMOutputInRealWorld"":""true"",""poorLLMOutputRemarks"":""""}",,38
11,38551D2E-5803-472C-AB31-82C4977546CA,934A741B-AF2B-442A-91BE-08DDE103FB15,Labeling,3,5,3,0,1,"{""finalOutputSatisfaction"":""3"",""llmOutputAccuracy"":""5"",""requiredPromptRevisionsForAccuracy"":""3"",""finalOutputSatisfactory"":""false"",""wouldUseCurrentLLMOutputInRealWorld"":""true"",""poorLLMOutputRemarks"":""""}",,61
11,78F6AD3D-52C7-4DB8-868B-B99880D27F73,934A741B-AF2B-442A-91BE-08DDE103FB15,Analytical,4,2,3,1,1,"{""finalOutputSatisfaction"":""4"",""llmOutputAccuracy"":""2"",""requiredPromptRevisionsForAccuracy"":""3"",""finalOutputSatisfactory"":""true"",""wouldUseCurrentLLMOutputInRealWorld"":""true"",""poorLLMOutputRemarks"":""""}",,57
11,49BC4E8C-2A81-44EC-8D94-D1AF6CB01933,934A741B-AF2B-442A-91BE-08DDE103FB15,Procedural,3,5,2,0,1,"{""finalOutputSatisfaction"":""3"",""llmOutputAccuracy"":""5"",""requiredPromptRevisionsForAccuracy"":""2"",""finalOutputSatisfactory"":""false"",""wouldUseCurrentLLMOutputInRealWorld"":""true"",""poorLLMOutputRemarks"":""I think the output is good but could be better by understanding the question completely.""}",I think the output is good but could be better by understanding the question completely.,590
11,A9B2AB7C-EDA6-4E3D-A21B-F9F9745A8B23,934A741B-AF2B-442A-91BE-08DDE103FB15,Creative,4,3,4,1,1,"{""finalOutputSatisfaction"":""4"",""llmOutputAccuracy"":""3"",""requiredPromptRevisionsForAccuracy"":""4"",""finalOutputSatisfactory"":""true"",""wouldUseCurrentLLMOutputInRealWorld"":""true"",""poorLLMOutputRemarks"":""""}",,73
11,9C00A7E2-2A8C-4DC8-9CC8-FE17CD81AC61,934A741B-AF2B-442A-91BE-08DDE103FB15,Analytical,3,2,4,1,1,"{""finalOutputSatisfaction"":""3"",""llmOutputAccuracy"":""2"",""requiredPromptRevisionsForAccuracy"":""4"",""finalOutputSatisfactory"":""true"",""wouldUseCurrentLLMOutputInRealWorld"":""true"",""poorLLMOutputRemarks"":""""}",,43
12,61E9CAF9-03FE-4276-A677-114B7C079B0F,33504BD6-F362-4543-F6EC-08DDE23F9EF0,Labeling,5,5,2,1,1,"{""finalOutputSatisfaction"":""5"",""llmOutputAccuracy"":""5"",""requiredPromptRevisionsForAccuracy"":""2"",""finalOutputSatisfactory"":""true"",""wouldUseCurrentLLMOutputInRealWorld"":""true"",""poorLLMOutputRemarks"":""""}",,91
12,715B65F9-C3A2-4AC0-99CB-3E2490891113,33504BD6-F362-4543-F6EC-08DDE23F9EF0,Creative,5,5,3,1,1,"{""finalOutputSatisfaction"":""5"",""llmOutputAccuracy"":""5"",""requiredPromptRevisionsForAccuracy"":""3"",""finalOutputSatisfactory"":""true"",""wouldUseCurrentLLMOutputInRealWorld"":""true"",""poorLLMOutputRemarks"":""""}",,141
12,D0743800-438A-4DB2-A0CE-6DF121C406DD,33504BD6-F362-4543-F6EC-08DDE23F9EF0,Procedural,5,5,5,1,1,"{""finalOutputSatisfaction"":""5"",""llmOutputAccuracy"":""5"",""requiredPromptRevisionsForAccuracy"":""5"",""finalOutputSatisfactory"":""true"",""wouldUseCurrentLLMOutputInRealWorld"":""true"",""poorLLMOutputRemarks"":""""}",,105
12,7A28FE6B-4CA7-435C-AC00-A264DD233BCD,33504BD6-F362-4543-F6EC-08DDE23F9EF0,Analytical,4,5,4,1,1,"{""finalOutputSatisfaction"":""4"",""llmOutputAccuracy"":""5"",""requiredPromptRevisionsForAccuracy"":""4"",""finalOutputSatisfactory"":""true"",""wouldUseCurrentLLMOutputInRealWorld"":""true"",""poorLLMOutputRemarks"":""""}",,58
12,D59F2701-9222-47F2-A47F-AA6EBFF7AE96,33504BD6-F362-4543-F6EC-08DDE23F9EF0,Analytical,4,5,3,1,1,"{""finalOutputSatisfaction"":""4"",""llmOutputAccuracy"":""5"",""requiredPromptRevisionsForAccuracy"":""3"",""finalOutputSatisfactory"":""true"",""wouldUseCurrentLLMOutputInRealWorld"":""true"",""poorLLMOutputRemarks"":""""}",,101
12,414623FF-F914-42B8-83C9-B6E617D80779,33504BD6-F362-4543-F6EC-08DDE23F9EF0,Creative,5,5,2,1,1,"{""finalOutputSatisfaction"":""5"",""llmOutputAccuracy"":""5"",""requiredPromptRevisionsForAccuracy"":""2"",""finalOutputSatisfactory"":""true"",""wouldUseCurrentLLMOutputInRealWorld"":""true"",""poorLLMOutputRemarks"":""""}",,76
12,5D5AA9F8-4B10-46C1-937F-CCCB10C49DB2,33504BD6-F362-4543-F6EC-08DDE23F9EF0,Procedural,5,5,2,1,1,"{""finalOutputSatisfaction"":""5"",""llmOutputAccuracy"":""5"",""requiredPromptRevisionsForAccuracy"":""2"",""finalOutputSatisfactory"":""true"",""wouldUseCurrentLLMOutputInRealWorld"":""true"",""poorLLMOutputRemarks"":""""}",,67
12,7DC0995A-430C-47E2-9B03-E00C9CA49260,33504BD6-F362-4543-F6EC-08DDE23F9EF0,Labeling,5,5,5,1,1,"{""finalOutputSatisfaction"":""5"",""llmOutputAccuracy"":""5"",""requiredPromptRevisionsForAccuracy"":""5"",""finalOutputSatisfactory"":""true"",""wouldUseCurrentLLMOutputInRealWorld"":""true"",""poorLLMOutputRemarks"":""""}",,52
13,43D93B9F-E251-413F-9575-18C69E753848,C4FA61BB-9467-4387-4447-08DDE2E0555F,Creative,3,3,2,1,1,"{""finalOutputSatisfaction"":""3"",""llmOutputAccuracy"":""3"",""requiredPromptRevisionsForAccuracy"":""2"",""finalOutputSatisfactory"":""true"",""wouldUseCurrentLLMOutputInRealWorld"":""true"",""poorLLMOutputRemarks"":""""}",,58
13,B6ADD986-0DCF-46E9-815F-519E59C6374D,C4FA61BB-9467-4387-4447-08DDE2E0555F,Analytical,4,4,2,1,0,"{""finalOutputSatisfaction"":""4"",""llmOutputAccuracy"":""4"",""requiredPromptRevisionsForAccuracy"":""2"",""finalOutputSatisfactory"":""true"",""wouldUseCurrentLLMOutputInRealWorld"":""false"",""poorLLMOutputRemarks"":""""}",,46
13,321A889F-E940-497A-ABA8-5FB0C24CE2AD,C4FA61BB-9467-4387-4447-08DDE2E0555F,Labeling,3,3,3,1,1,"{""finalOutputSatisfaction"":""3"",""llmOutputAccuracy"":""3"",""requiredPromptRevisionsForAccuracy"":""3"",""finalOutputSatisfactory"":""true"",""wouldUseCurrentLLMOutputInRealWorld"":""true"",""poorLLMOutputRemarks"":""""}",,142
13,2F0D8CE1-A425-49E6-B790-676571D4258A,C4FA61BB-9467-4387-4447-08DDE2E0555F,Analytical,5,4,2,1,1,"{""finalOutputSatisfaction"":""5"",""llmOutputAccuracy"":""4"",""requiredPromptRevisionsForAccuracy"":""2"",""finalOutputSatisfactory"":""true"",""wouldUseCurrentLLMOutputInRealWorld"":""true"",""poorLLMOutputRemarks"":""""}",,31
13,FABBB960-9ADF-4C48-80D5-956001E752A7,C4FA61BB-9467-4387-4447-08DDE2E0555F,Labeling,3,3,3,1,0,"{""finalOutputSatisfaction"":""3"",""llmOutputAccuracy"":""3"",""requiredPromptRevisionsForAccuracy"":""3"",""finalOutputSatisfactory"":""true"",""wouldUseCurrentLLMOutputInRealWorld"":""false"",""poorLLMOutputRemarks"":""""}",,137
13,B5B84EC9-9774-496A-8653-C8E455C1B851,C4FA61BB-9467-4387-4447-08DDE2E0555F,Procedural,4,4,2,1,1,"{""finalOutputSatisfaction"":""4"",""llmOutputAccuracy"":""4"",""requiredPromptRevisionsForAccuracy"":""2"",""finalOutputSatisfactory"":""true"",""wouldUseCurrentLLMOutputInRealWorld"":""true"",""poorLLMOutputRemarks"":""""}",,75
13,D43F84F0-6491-4865-ACDF-D9420AA59EFC,C4FA61BB-9467-4387-4447-08DDE2E0555F,Procedural,4,4,2,1,1,"{""finalOutputSatisfaction"":""4"",""llmOutputAccuracy"":""4"",""requiredPromptRevisionsForAccuracy"":""2"",""finalOutputSatisfactory"":""true"",""wouldUseCurrentLLMOutputInRealWorld"":""true"",""poorLLMOutputRemarks"":""""}",,843
13,87CA08DD-42E6-4737-ABF4-E5FD6E9D99DF,C4FA61BB-9467-4387-4447-08DDE2E0555F,Creative,4,3,2,1,1,"{""finalOutputSatisfaction"":""4"",""llmOutputAccuracy"":""3"",""requiredPromptRevisionsForAccuracy"":""2"",""finalOutputSatisfactory"":""true"",""wouldUseCurrentLLMOutputInRealWorld"":""true"",""poorLLMOutputRemarks"":""""}",,39
14,770A62E5-CDFB-485C-9295-0D43B73B9A87,02B62FE9-01D1-443C-4448-08DDE2E0555F,Labeling,3,4,1,1,1,"{""finalOutputSatisfaction"":""3"",""llmOutputAccuracy"":""4"",""requiredPromptRevisionsForAccuracy"":""1"",""finalOutputSatisfactory"":""true"",""wouldUseCurrentLLMOutputInRealWorld"":""true"",""poorLLMOutputRemarks"":""""}",,132
14,0C680321-4DC0-4469-927B-16239AC7038D,02B62FE9-01D1-443C-4448-08DDE2E0555F,Creative,3,4,4,1,1,"{""finalOutputSatisfaction"":""3"",""llmOutputAccuracy"":""4"",""requiredPromptRevisionsForAccuracy"":""4"",""finalOutputSatisfactory"":""true"",""wouldUseCurrentLLMOutputInRealWorld"":""true"",""poorLLMOutputRemarks"":""I believe that the language and the touch of human writing in the storytelling should be there. Overall, it is good.""}","I believe that the language and the touch of human writing in the storytelling should be there. Overall, it is good.",327
14,4EACE121-734D-4768-B4FC-7D821AE41E24,02B62FE9-01D1-443C-4448-08DDE2E0555F,Labeling,5,5,2,1,1,"{""finalOutputSatisfaction"":""5"",""llmOutputAccuracy"":""5"",""requiredPromptRevisionsForAccuracy"":""2"",""finalOutputSatisfactory"":""true"",""wouldUseCurrentLLMOutputInRealWorld"":""true"",""poorLLMOutputRemarks"":""""}",,174
14,119D619A-FA57-46E2-A5E4-8BD5ED063EB5,02B62FE9-01D1-443C-4448-08DDE2E0555F,Analytical,4,4,1,1,1,"{""finalOutputSatisfaction"":""4"",""llmOutputAccuracy"":""4"",""requiredPromptRevisionsForAccuracy"":""1"",""finalOutputSatisfactory"":""true"",""wouldUseCurrentLLMOutputInRealWorld"":""true"",""poorLLMOutputRemarks"":""""}",,108
14,896FA4D7-08CA-46DF-9E74-A0EC3941DCEA,02B62FE9-01D1-443C-4448-08DDE2E0555F,Procedural,3,4,1,1,1,"{""finalOutputSatisfaction"":""3"",""llmOutputAccuracy"":""4"",""requiredPromptRevisionsForAccuracy"":""1"",""finalOutputSatisfactory"":""true"",""wouldUseCurrentLLMOutputInRealWorld"":""true"",""poorLLMOutputRemarks"":""""}",,50
14,6D3490F1-CEA1-41AC-951D-B5698761B65E,02B62FE9-01D1-443C-4448-08DDE2E0555F,Analytical,5,4,1,1,1,"{""finalOutputSatisfaction"":""5"",""llmOutputAccuracy"":""4"",""requiredPromptRevisionsForAccuracy"":""1"",""finalOutputSatisfactory"":""true"",""wouldUseCurrentLLMOutputInRealWorld"":""true"",""poorLLMOutputRemarks"":""""}",,151
14,D6A54CC5-DFEB-4F7D-AD90-DFC7EB9A9B50,02B62FE9-01D1-443C-4448-08DDE2E0555F,Procedural,5,4,2,1,1,"{""finalOutputSatisfaction"":""5"",""llmOutputAccuracy"":""4"",""requiredPromptRevisionsForAccuracy"":""2"",""finalOutputSatisfactory"":""true"",""wouldUseCurrentLLMOutputInRealWorld"":""true"",""poorLLMOutputRemarks"":""""}",,144
14,D7C82DE0-80C0-42FD-8B0C-EFC2BFA43D50,02B62FE9-01D1-443C-4448-08DDE2E0555F,Creative,3,3,4,1,1,"{""finalOutputSatisfaction"":""3"",""llmOutputAccuracy"":""3"",""requiredPromptRevisionsForAccuracy"":""4"",""finalOutputSatisfactory"":""true"",""wouldUseCurrentLLMOutputInRealWorld"":""true"",""poorLLMOutputRemarks"":""To better understand the human sentiments as the prompt included creativity and hook, so, I believe, it can have better options for it. Not too robotic outputs""}","To better understand the human sentiments as the prompt included creativity and hook, so, I believe, it can have better options for it. Not too robotic outputs",240
15,8C66CD4A-B52D-4845-821F-1E94765AD5F8,1546EAA6-895C-4F49-4449-08DDE2E0555F,Analytical,4,3,1,1,1,"{""finalOutputSatisfaction"":""4"",""llmOutputAccuracy"":""3"",""requiredPromptRevisionsForAccuracy"":""1"",""finalOutputSatisfactory"":""true"",""wouldUseCurrentLLMOutputInRealWorld"":""true"",""poorLLMOutputRemarks"":""""}",,292
15,16C9D84E-A635-46E1-A994-29F6DF3FE084,1546EAA6-895C-4F49-4449-08DDE2E0555F,Analytical,3,3,1,1,1,"{""finalOutputSatisfaction"":""3"",""llmOutputAccuracy"":""3"",""requiredPromptRevisionsForAccuracy"":""1"",""finalOutputSatisfactory"":""true"",""wouldUseCurrentLLMOutputInRealWorld"":""true"",""poorLLMOutputRemarks"":""""}",,618
15,3F4A0DC3-9128-4FFE-98B7-4D4E6CA75915,1546EAA6-895C-4F49-4449-08DDE2E0555F,Procedural,4,4,4,1,1,"{""finalOutputSatisfaction"":""4"",""llmOutputAccuracy"":""4"",""requiredPromptRevisionsForAccuracy"":""4"",""finalOutputSatisfactory"":""true"",""wouldUseCurrentLLMOutputInRealWorld"":""true"",""poorLLMOutputRemarks"":""""}",,163
15,393ED59B-7A15-461E-AFCF-54275B2F0C27,1546EAA6-895C-4F49-4449-08DDE2E0555F,Labeling,4,4,4,1,1,"{""finalOutputSatisfaction"":""4"",""llmOutputAccuracy"":""4"",""requiredPromptRevisionsForAccuracy"":""4"",""finalOutputSatisfactory"":""true"",""wouldUseCurrentLLMOutputInRealWorld"":""true"",""poorLLMOutputRemarks"":""""}",,309
15,72C94728-8D10-493A-84F4-6D43E3C5712C,1546EAA6-895C-4F49-4449-08DDE2E0555F,Labeling,4,4,4,1,1,"{""finalOutputSatisfaction"":""4"",""llmOutputAccuracy"":""4"",""requiredPromptRevisionsForAccuracy"":""4"",""finalOutputSatisfactory"":""true"",""wouldUseCurrentLLMOutputInRealWorld"":""true"",""poorLLMOutputRemarks"":""""}",,331
15,9551152A-50A8-47C0-8CA1-8E31F22EDA9A,1546EAA6-895C-4F49-4449-08DDE2E0555F,Creative,4,4,4,1,1,"{""finalOutputSatisfaction"":""4"",""llmOutputAccuracy"":""4"",""requiredPromptRevisionsForAccuracy"":""4"",""finalOutputSatisfactory"":""true"",""wouldUseCurrentLLMOutputInRealWorld"":""true"",""poorLLMOutputRemarks"":""""}",,249
15,68581D04-91F7-4067-A8DD-C12966B903A2,1546EAA6-895C-4F49-4449-08DDE2E0555F,Creative,4,4,4,1,1,"{""finalOutputSatisfaction"":""4"",""llmOutputAccuracy"":""4"",""requiredPromptRevisionsForAccuracy"":""4"",""finalOutputSatisfactory"":""true"",""wouldUseCurrentLLMOutputInRealWorld"":""true"",""poorLLMOutputRemarks"":""""}",,62
15,26FBBB00-93E7-4938-8A2A-F9680A494AFD,1546EAA6-895C-4F49-4449-08DDE2E0555F,Procedural,4,4,1,1,1,"{""finalOutputSatisfaction"":""4"",""llmOutputAccuracy"":""4"",""requiredPromptRevisionsForAccuracy"":""1"",""finalOutputSatisfactory"":""true"",""wouldUseCurrentLLMOutputInRealWorld"":""true"",""poorLLMOutputRemarks"":""""}",,339
16,BCBD7B1B-6E5D-400E-B481-04A10503EDDB,0EEFF6CA-9541-46C1-AB0D-08DDE2F7DA60,Creative,3,3,2,1,1,"{""finalOutputSatisfaction"":""3"",""llmOutputAccuracy"":""3"",""requiredPromptRevisionsForAccuracy"":""2"",""finalOutputSatisfactory"":""true"",""wouldUseCurrentLLMOutputInRealWorld"":""true"",""poorLLMOutputRemarks"":""""}",,62
16,26E515E7-9DD8-4B35-9CEB-18EF7182554B,0EEFF6CA-9541-46C1-AB0D-08DDE2F7DA60,Procedural,4,4,1,1,1,"{""finalOutputSatisfaction"":""4"",""llmOutputAccuracy"":""4"",""requiredPromptRevisionsForAccuracy"":""1"",""finalOutputSatisfactory"":""true"",""wouldUseCurrentLLMOutputInRealWorld"":""true"",""poorLLMOutputRemarks"":""The output was ok\n""}",The output was ok,286
16,218E1694-1630-4EAE-A549-1AD4A624CCFA,0EEFF6CA-9541-46C1-AB0D-08DDE2F7DA60,Labeling,5,5,2,1,1,"{""finalOutputSatisfaction"":""5"",""llmOutputAccuracy"":""5"",""requiredPromptRevisionsForAccuracy"":""2"",""finalOutputSatisfactory"":""true"",""wouldUseCurrentLLMOutputInRealWorld"":""true"",""poorLLMOutputRemarks"":""""}",,137
16,8AF19120-529E-45CC-AB93-2FE0030C6693,0EEFF6CA-9541-46C1-AB0D-08DDE2F7DA60,Procedural,4,4,1,1,1,"{""finalOutputSatisfaction"":""4"",""llmOutputAccuracy"":""4"",""requiredPromptRevisionsForAccuracy"":""1"",""finalOutputSatisfactory"":""true"",""wouldUseCurrentLLMOutputInRealWorld"":""true"",""poorLLMOutputRemarks"":""""}",,121
16,9A5747CA-BBA0-42FB-B8A7-848C57D25B32,0EEFF6CA-9541-46C1-AB0D-08DDE2F7DA60,Labeling,4,4,2,1,1,"{""finalOutputSatisfaction"":""4"",""llmOutputAccuracy"":""4"",""requiredPromptRevisionsForAccuracy"":""2"",""finalOutputSatisfactory"":""true"",""wouldUseCurrentLLMOutputInRealWorld"":""true"",""poorLLMOutputRemarks"":""""}",,175
16,440FF84E-F197-4FEF-B9D2-ACA53AC18FF5,0EEFF6CA-9541-46C1-AB0D-08DDE2F7DA60,Analytical,4,4,2,1,1,"{""finalOutputSatisfaction"":""4"",""llmOutputAccuracy"":""4"",""requiredPromptRevisionsForAccuracy"":""2"",""finalOutputSatisfactory"":""true"",""wouldUseCurrentLLMOutputInRealWorld"":""true"",""poorLLMOutputRemarks"":""""}",,126
16,A7DB1BD5-2FD4-4C3F-98EC-D989A0B5551F,0EEFF6CA-9541-46C1-AB0D-08DDE2F7DA60,Analytical,4,4,2,1,1,"{""finalOutputSatisfaction"":""4"",""llmOutputAccuracy"":""4"",""requiredPromptRevisionsForAccuracy"":""2"",""finalOutputSatisfactory"":""true"",""wouldUseCurrentLLMOutputInRealWorld"":""true"",""poorLLMOutputRemarks"":""""}",,71
16,AF4E1538-24C1-413C-B9A5-E0547957B1EC,0EEFF6CA-9541-46C1-AB0D-08DDE2F7DA60,Creative,3,3,3,1,1,"{""finalOutputSatisfaction"":""3"",""llmOutputAccuracy"":""3"",""requiredPromptRevisionsForAccuracy"":""3"",""finalOutputSatisfactory"":""true"",""wouldUseCurrentLLMOutputInRealWorld"":""true"",""poorLLMOutputRemarks"":""""}",,139
17,035819A5-CD01-432A-914B-5EDDB3290883,80DD0C62-4B64-48C3-AB0F-08DDE2F7DA60,Creative,5,5,1,1,0,"{""finalOutputSatisfaction"":""5"",""llmOutputAccuracy"":""5"",""requiredPromptRevisionsForAccuracy"":""1"",""finalOutputSatisfactory"":""true"",""wouldUseCurrentLLMOutputInRealWorld"":""false"",""poorLLMOutputRemarks"":""""}",,37
17,E0A31A5B-3E2B-4C33-9A0D-60EBE6565E18,80DD0C62-4B64-48C3-AB0F-08DDE2F7DA60,Analytical,5,5,1,1,1,"{""finalOutputSatisfaction"":""5"",""llmOutputAccuracy"":""5"",""requiredPromptRevisionsForAccuracy"":""1"",""finalOutputSatisfactory"":""true"",""wouldUseCurrentLLMOutputInRealWorld"":""true"",""poorLLMOutputRemarks"":""""}",,39
17,96EBE03C-9F7E-411A-B1E5-89A1F959CFEA,80DD0C62-4B64-48C3-AB0F-08DDE2F7DA60,Procedural,5,5,1,1,1,"{""finalOutputSatisfaction"":""5"",""llmOutputAccuracy"":""5"",""requiredPromptRevisionsForAccuracy"":""1"",""finalOutputSatisfactory"":""true"",""wouldUseCurrentLLMOutputInRealWorld"":""true"",""poorLLMOutputRemarks"":""""}",,31
17,463615A7-16C4-4321-96B3-8CCC6A176B18,80DD0C62-4B64-48C3-AB0F-08DDE2F7DA60,Labeling,5,5,1,1,1,"{""finalOutputSatisfaction"":""5"",""llmOutputAccuracy"":""5"",""requiredPromptRevisionsForAccuracy"":""1"",""finalOutputSatisfactory"":""true"",""wouldUseCurrentLLMOutputInRealWorld"":""true"",""poorLLMOutputRemarks"":""""}",,22
17,45CFBA17-C808-487A-A34E-92177B2449E1,80DD0C62-4B64-48C3-AB0F-08DDE2F7DA60,Analytical,5,5,2,1,1,"{""finalOutputSatisfaction"":""5"",""llmOutputAccuracy"":""5"",""requiredPromptRevisionsForAccuracy"":""2"",""finalOutputSatisfactory"":""true"",""wouldUseCurrentLLMOutputInRealWorld"":""true"",""poorLLMOutputRemarks"":""""}",,54
17,CA540CAE-6B67-4B30-9B9C-AF5F2B8B5021,80DD0C62-4B64-48C3-AB0F-08DDE2F7DA60,Creative,5,5,1,1,1,"{""finalOutputSatisfaction"":""5"",""llmOutputAccuracy"":""5"",""requiredPromptRevisionsForAccuracy"":""1"",""finalOutputSatisfactory"":""true"",""wouldUseCurrentLLMOutputInRealWorld"":""true"",""poorLLMOutputRemarks"":""It was better""}",It was better,97
17,8FA8A7A2-F15F-4C5E-B938-B020981D63F1,80DD0C62-4B64-48C3-AB0F-08DDE2F7DA60,Labeling,5,5,1,1,1,"{""finalOutputSatisfaction"":""5"",""llmOutputAccuracy"":""5"",""requiredPromptRevisionsForAccuracy"":""1"",""finalOutputSatisfactory"":""true"",""wouldUseCurrentLLMOutputInRealWorld"":""true"",""poorLLMOutputRemarks"":""Despite the promote message factual mistake, the LLM gave the right solution ""}","Despite the promote message factual mistake, the LLM gave the right solution",39
17,4A359E8E-0EB0-46B9-8A13-E3071DE6306D,80DD0C62-4B64-48C3-AB0F-08DDE2F7DA60,Procedural,4,4,1,1,1,"{""finalOutputSatisfaction"":""4"",""llmOutputAccuracy"":""4"",""requiredPromptRevisionsForAccuracy"":""1"",""finalOutputSatisfactory"":""true"",""wouldUseCurrentLLMOutputInRealWorld"":""true"",""poorLLMOutputRemarks"":""""}",,41
18,8FBD654D-A221-4EFE-AEAA-0076DDAA2DCE,C2D21114-D0F9-4A7C-AB10-08DDE2F7DA60,Labeling,5,5,1,1,1,"{""finalOutputSatisfaction"":""5"",""llmOutputAccuracy"":""5"",""requiredPromptRevisionsForAccuracy"":""1"",""finalOutputSatisfactory"":""true"",""wouldUseCurrentLLMOutputInRealWorld"":""true"",""poorLLMOutputRemarks"":""""}",,166
18,DD0F7520-409B-4268-881C-0A3F7EA2DC08,C2D21114-D0F9-4A7C-AB10-08DDE2F7DA60,Analytical,2,2,4,1,1,"{""finalOutputSatisfaction"":""2"",""llmOutputAccuracy"":""2"",""requiredPromptRevisionsForAccuracy"":""4"",""finalOutputSatisfactory"":""true"",""wouldUseCurrentLLMOutputInRealWorld"":""true"",""poorLLMOutputRemarks"":""When I asked the LLM to describe it in a simpler way, it could have done so without leaving out the NEW part, and the king story wasn't explained properly. Either the LLM could have left it out, or elaborated it more in a long sentence.""}","When I asked the LLM to describe it in a simpler way, it could have done so without leaving out the NEW part, and the king story wasn't explained properly. Either the LLM could have left it out, or elaborated it more in a long sentence.",277
18,FB6F3891-F89B-409C-9B55-296D6D2E3B73,C2D21114-D0F9-4A7C-AB10-08DDE2F7DA60,Labeling,4,4,1,1,1,"{""finalOutputSatisfaction"":""4"",""llmOutputAccuracy"":""4"",""requiredPromptRevisionsForAccuracy"":""1"",""finalOutputSatisfactory"":""true"",""wouldUseCurrentLLMOutputInRealWorld"":""true"",""poorLLMOutputRemarks"":""""}",,157
18,B912D4EC-EE75-4B40-A435-2C8107EE2A4B,C2D21114-D0F9-4A7C-AB10-08DDE2F7DA60,Creative,4,4,1,1,1,"{""finalOutputSatisfaction"":""4"",""llmOutputAccuracy"":""4"",""requiredPromptRevisionsForAccuracy"":""1"",""finalOutputSatisfactory"":""true"",""wouldUseCurrentLLMOutputInRealWorld"":""true"",""poorLLMOutputRemarks"":""""}",,217
18,05264B66-11F3-4F50-AC20-348EF8A9839D,C2D21114-D0F9-4A7C-AB10-08DDE2F7DA60,Procedural,4,4,1,1,1,"{""finalOutputSatisfaction"":""4"",""llmOutputAccuracy"":""4"",""requiredPromptRevisionsForAccuracy"":""1"",""finalOutputSatisfactory"":""true"",""wouldUseCurrentLLMOutputInRealWorld"":""true"",""poorLLMOutputRemarks"":""""}",,385
18,2D298568-79DE-4109-9675-3AD10CFBDB73,C2D21114-D0F9-4A7C-AB10-08DDE2F7DA60,Analytical,4,4,1,1,1,"{""finalOutputSatisfaction"":""4"",""llmOutputAccuracy"":""4"",""requiredPromptRevisionsForAccuracy"":""1"",""finalOutputSatisfactory"":""true"",""wouldUseCurrentLLMOutputInRealWorld"":""true"",""poorLLMOutputRemarks"":""The output was not poor, however maybe it can be presented differently , like in a table form.""}","The output was not poor, however maybe it can be presented differently , like in a table form.",177
18,A1DAC684-5E38-4510-99B6-C07AB4BE67CC,C2D21114-D0F9-4A7C-AB10-08DDE2F7DA60,Creative,3,3,4,1,1,"{""finalOutputSatisfaction"":""3"",""llmOutputAccuracy"":""3"",""requiredPromptRevisionsForAccuracy"":""4"",""finalOutputSatisfactory"":""true"",""wouldUseCurrentLLMOutputInRealWorld"":""true"",""poorLLMOutputRemarks"":""With the basic prompt it was given. It produced the output that was expected. Maybe it could have included more hashtags, but that could also have been solved with giving further promtps""}","With the basic prompt it was given. It produced the output that was expected. Maybe it could have included more hashtags, but that could also have been solved with giving further promtps",53
18,5C2224A0-D879-487B-B4BB-EB6963100A6B,C2D21114-D0F9-4A7C-AB10-08DDE2F7DA60,Procedural,4,4,1,1,1,"{""finalOutputSatisfaction"":""4"",""llmOutputAccuracy"":""4"",""requiredPromptRevisionsForAccuracy"":""1"",""finalOutputSatisfactory"":""true"",""wouldUseCurrentLLMOutputInRealWorld"":""true"",""poorLLMOutputRemarks"":""""}",,100
19,96E6323F-4742-4526-852B-15522EB99071,A465027D-5C75-4B15-AB12-08DDE2F7DA60,Analytical,3,3,3,1,1,"{""finalOutputSatisfaction"":""3"",""llmOutputAccuracy"":""3"",""requiredPromptRevisionsForAccuracy"":""3"",""finalOutputSatisfactory"":""true"",""wouldUseCurrentLLMOutputInRealWorld"":""true"",""poorLLMOutputRemarks"":""""}",,59
19,E00DB51C-15F1-439F-A156-2C0DA17FD59B,A465027D-5C75-4B15-AB12-08DDE2F7DA60,Labeling,4,5,3,1,1,"{""finalOutputSatisfaction"":""4"",""llmOutputAccuracy"":""5"",""requiredPromptRevisionsForAccuracy"":""3"",""finalOutputSatisfactory"":""true"",""wouldUseCurrentLLMOutputInRealWorld"":""true"",""poorLLMOutputRemarks"":""""}",,295
19,83B0A7D4-1A9F-402D-85A9-37BDAE0FAAD8,A465027D-5C75-4B15-AB12-08DDE2F7DA60,Procedural,4,4,2,1,1,"{""finalOutputSatisfaction"":""4"",""llmOutputAccuracy"":""4"",""requiredPromptRevisionsForAccuracy"":""2"",""finalOutputSatisfactory"":""true"",""wouldUseCurrentLLMOutputInRealWorld"":""true"",""poorLLMOutputRemarks"":""""}",,30
19,C5790CE5-A213-4FBF-9F86-3E2AAE6494D8,A465027D-5C75-4B15-AB12-08DDE2F7DA60,Creative,3,3,3,1,0,"{""finalOutputSatisfaction"":""3"",""llmOutputAccuracy"":""3"",""requiredPromptRevisionsForAccuracy"":""3"",""finalOutputSatisfactory"":""true"",""wouldUseCurrentLLMOutputInRealWorld"":""false"",""poorLLMOutputRemarks"":""""}",,104
19,3B9803AE-8A63-4E80-9568-49F281B892ED,A465027D-5C75-4B15-AB12-08DDE2F7DA60,Creative,4,4,3,1,1,"{""finalOutputSatisfaction"":""4"",""llmOutputAccuracy"":""4"",""requiredPromptRevisionsForAccuracy"":""3"",""finalOutputSatisfactory"":""true"",""wouldUseCurrentLLMOutputInRealWorld"":""true"",""poorLLMOutputRemarks"":""""}",,70
19,A91C3EE9-8706-400C-A334-50F25794C264,A465027D-5C75-4B15-AB12-08DDE2F7DA60,Labeling,3,3,3,1,1,"{""finalOutputSatisfaction"":""3"",""llmOutputAccuracy"":""3"",""requiredPromptRevisionsForAccuracy"":""3"",""finalOutputSatisfactory"":""true"",""wouldUseCurrentLLMOutputInRealWorld"":""true"",""poorLLMOutputRemarks"":""""}",,142
19,0A1AD09E-D66B-4388-A705-937D4A9E05A4,A465027D-5C75-4B15-AB12-08DDE2F7DA60,Analytical,3,3,2,1,1,"{""finalOutputSatisfaction"":""3"",""llmOutputAccuracy"":""3"",""requiredPromptRevisionsForAccuracy"":""2"",""finalOutputSatisfactory"":""true"",""wouldUseCurrentLLMOutputInRealWorld"":""true"",""poorLLMOutputRemarks"":""""}",,67
19,3D80FCFA-370A-47F1-8D49-ABC9FF6C399E,A465027D-5C75-4B15-AB12-08DDE2F7DA60,Procedural,4,4,2,1,1,"{""finalOutputSatisfaction"":""4"",""llmOutputAccuracy"":""4"",""requiredPromptRevisionsForAccuracy"":""2"",""finalOutputSatisfactory"":""true"",""wouldUseCurrentLLMOutputInRealWorld"":""true"",""poorLLMOutputRemarks"":""""}",,134
20,6221E70B-5E68-4EE7-8F0B-3536443E8B35,4C81CB89-FA90-4C2F-AB13-08DDE2F7DA60,Labeling,2,2,3,0,0,"{""finalOutputSatisfaction"":""2"",""llmOutputAccuracy"":""2"",""requiredPromptRevisionsForAccuracy"":""3"",""finalOutputSatisfactory"":""false"",""wouldUseCurrentLLMOutputInRealWorld"":""false"",""poorLLMOutputRemarks"":""There should be spam detection score.""}",There should be spam detection score.,43
20,8B63C6D5-3D7E-4E92-AB84-3D2793F77428,4C81CB89-FA90-4C2F-AB13-08DDE2F7DA60,Procedural,3,4,1,1,1,"{""finalOutputSatisfaction"":""3"",""llmOutputAccuracy"":""4"",""requiredPromptRevisionsForAccuracy"":""1"",""finalOutputSatisfactory"":""true"",""wouldUseCurrentLLMOutputInRealWorld"":""true"",""poorLLMOutputRemarks"":""""}",,47
20,27FCA7AB-A85E-4C56-8EB8-5586B26BE8BA,4C81CB89-FA90-4C2F-AB13-08DDE2F7DA60,Analytical,2,3,3,0,0,"{""finalOutputSatisfaction"":""2"",""llmOutputAccuracy"":""3"",""requiredPromptRevisionsForAccuracy"":""3"",""finalOutputSatisfactory"":""false"",""wouldUseCurrentLLMOutputInRealWorld"":""false"",""poorLLMOutputRemarks"":""The formatting needs to be improved.""}",The formatting needs to be improved.,27
20,E74313F4-D3D7-4F31-9710-602B132C38FF,4C81CB89-FA90-4C2F-AB13-08DDE2F7DA60,Creative,3,2,3,1,0,"{""finalOutputSatisfaction"":""3"",""llmOutputAccuracy"":""2"",""requiredPromptRevisionsForAccuracy"":""3"",""finalOutputSatisfactory"":""true"",""wouldUseCurrentLLMOutputInRealWorld"":""false"",""poorLLMOutputRemarks"":""Make it more orient torwards the main storyline add the similar thrill which i provided.""}",Make it more orient torwards the main storyline add the similar thrill which i provided.,55
20,56450801-DBAC-489D-9EF6-821DA4C6780A,4C81CB89-FA90-4C2F-AB13-08DDE2F7DA60,Creative,4,3,4,1,1,"{""finalOutputSatisfaction"":""4"",""llmOutputAccuracy"":""3"",""requiredPromptRevisionsForAccuracy"":""4"",""finalOutputSatisfactory"":""true"",""wouldUseCurrentLLMOutputInRealWorld"":""true"",""poorLLMOutputRemarks"":""""}",,64
20,7E46BB74-325E-4252-8792-83CE1CA77447,4C81CB89-FA90-4C2F-AB13-08DDE2F7DA60,Procedural,3,3,3,0,0,"{""finalOutputSatisfaction"":""3"",""llmOutputAccuracy"":""3"",""requiredPromptRevisionsForAccuracy"":""3"",""finalOutputSatisfactory"":""false"",""wouldUseCurrentLLMOutputInRealWorld"":""false"",""poorLLMOutputRemarks"":""Your implementation works perfectly for non-negative values of b. One thing to note is that if b is negative, this approach would actually perform subtraction instead of addition (since you'd be incrementing a while b becomes more negative).""}","Your implementation works perfectly for non-negative values of b. One thing to note is that if b is negative, this approach would actually perform subtraction instead of addition (since you'd be incrementing a while b becomes more negative).",87
20,6B7AB9AA-C2B4-4FDD-83C2-B5E7838C4787,4C81CB89-FA90-4C2F-AB13-08DDE2F7DA60,Analytical,1,2,2,0,1,"{""finalOutputSatisfaction"":""1"",""llmOutputAccuracy"":""2"",""requiredPromptRevisionsForAccuracy"":""2"",""finalOutputSatisfactory"":""false"",""wouldUseCurrentLLMOutputInRealWorld"":""true"",""poorLLMOutputRemarks"":""It did not summarized it was paragraph length similar to the obe i shared. Look at claude's results for this.""}",It did not summarized it was paragraph length similar to the obe i shared. Look at claude's results for this.,22
20,86524C30-74A5-400B-AC4E-ED991A4A0D85,4C81CB89-FA90-4C2F-AB13-08DDE2F7DA60,Labeling,5,5,1,1,1,"{""finalOutputSatisfaction"":""5"",""llmOutputAccuracy"":""5"",""requiredPromptRevisionsForAccuracy"":""1"",""finalOutputSatisfactory"":""true"",""wouldUseCurrentLLMOutputInRealWorld"":""true"",""poorLLMOutputRemarks"":""""}",,14
21,96ADA3F5-B663-4A14-80DA-55AB87B8C53A,0AE0E1B1-2A98-4F1F-B0C1-08DDE30D641E,Creative,5,5,2,1,1,"{""finalOutputSatisfaction"":""5"",""llmOutputAccuracy"":""5"",""requiredPromptRevisionsForAccuracy"":""2"",""finalOutputSatisfactory"":""true"",""wouldUseCurrentLLMOutputInRealWorld"":""true"",""poorLLMOutputRemarks"":""Suggested me comparison of 2 detailed paragraphs to choose from ""}",Suggested me comparison of 2 detailed paragraphs to choose from,72
21,308A0476-FF87-43A0-9646-593994BA5A41,0AE0E1B1-2A98-4F1F-B0C1-08DDE30D641E,Creative,5,5,1,1,1,"{""finalOutputSatisfaction"":""5"",""llmOutputAccuracy"":""5"",""requiredPromptRevisionsForAccuracy"":""1"",""finalOutputSatisfactory"":""true"",""wouldUseCurrentLLMOutputInRealWorld"":""true"",""poorLLMOutputRemarks"":""Multiple Suggestions to choose from""}",Multiple Suggestions to choose from,45
21,2693CE07-CD38-4DD8-89B2-673605F76EA7,0AE0E1B1-2A98-4F1F-B0C1-08DDE30D641E,Labeling,5,5,1,1,1,"{""finalOutputSatisfaction"":""5"",""llmOutputAccuracy"":""5"",""requiredPromptRevisionsForAccuracy"":""1"",""finalOutputSatisfactory"":""true"",""wouldUseCurrentLLMOutputInRealWorld"":""true"",""poorLLMOutputRemarks"":""Could have given more prompts to give to the point answer and provide reasoning ""}",Could have given more prompts to give to the point answer and provide reasoning,43
21,23ECDE76-12AF-4D75-86AD-8A20A6042DDD,0AE0E1B1-2A98-4F1F-B0C1-08DDE30D641E,Procedural,5,5,1,1,1,"{""finalOutputSatisfaction"":""5"",""llmOutputAccuracy"":""5"",""requiredPromptRevisionsForAccuracy"":""1"",""finalOutputSatisfactory"":""true"",""wouldUseCurrentLLMOutputInRealWorld"":""true"",""poorLLMOutputRemarks"":""""}",,29
21,AE8A23AD-5EFD-47B4-BB38-A86B25004BF7,0AE0E1B1-2A98-4F1F-B0C1-08DDE30D641E,Analytical,5,5,1,1,1,"{""finalOutputSatisfaction"":""5"",""llmOutputAccuracy"":""5"",""requiredPromptRevisionsForAccuracy"":""1"",""finalOutputSatisfactory"":""true"",""wouldUseCurrentLLMOutputInRealWorld"":""true"",""poorLLMOutputRemarks"":""Suggest me how i can use better prompts to get the desired results ""}",Suggest me how i can use better prompts to get the desired results,98
21,992D42AB-9A28-43A3-AEF6-AF3F8CC88238,0AE0E1B1-2A98-4F1F-B0C1-08DDE30D641E,Procedural,3,4,4,0,1,"{""finalOutputSatisfaction"":""3"",""llmOutputAccuracy"":""4"",""requiredPromptRevisionsForAccuracy"":""4"",""finalOutputSatisfactory"":""false"",""wouldUseCurrentLLMOutputInRealWorld"":""true"",""poorLLMOutputRemarks"":""Make it less complicated to understand, it was rather detailed, could require 2-3 more prompts to give easy answer ""}","Make it less complicated to understand, it was rather detailed, could require 2-3 more prompts to give easy answer",121
21,5C53557F-41AA-457F-B317-BB7346D18C80,0AE0E1B1-2A98-4F1F-B0C1-08DDE30D641E,Analytical,5,5,1,1,1,"{""finalOutputSatisfaction"":""5"",""llmOutputAccuracy"":""5"",""requiredPromptRevisionsForAccuracy"":""1"",""finalOutputSatisfactory"":""true"",""wouldUseCurrentLLMOutputInRealWorld"":""true"",""poorLLMOutputRemarks"":""Suggest me 2 options to choose from""}",Suggest me 2 options to choose from,134
21,849A7875-F400-4299-9BE4-BC1A56CC965F,0AE0E1B1-2A98-4F1F-B0C1-08DDE30D641E,Labeling,4,5,2,1,1,"{""finalOutputSatisfaction"":""4"",""llmOutputAccuracy"":""5"",""requiredPromptRevisionsForAccuracy"":""2"",""finalOutputSatisfactory"":""true"",""wouldUseCurrentLLMOutputInRealWorld"":""true"",""poorLLMOutputRemarks"":""give 1 line explanation for the answer ""}",give 1 line explanation for the answer,82
22,CFE05937-6C37-4DD6-B7BE-8205735351F4,BB5F6196-1621-43A3-B0C2-08DDE30D641E,Procedural,3,2,4,0,1,"{""finalOutputSatisfaction"":""3"",""llmOutputAccuracy"":""2"",""requiredPromptRevisionsForAccuracy"":""4"",""finalOutputSatisfactory"":""false"",""wouldUseCurrentLLMOutputInRealWorld"":""true"",""poorLLMOutputRemarks"":""The first prompt was intended to create a simple addition program. The second revision extended it by adding recursion and logic to handle numbers that fall between evens or odds, which was successfully implemented. The third prompt requested converting this program into a batch file (CMD script) due to limited access to a Python environment. However, instead of producing a batch script, the LLM repeatedly returned the same Python program. While the output itself was correct, it was not the expected format.\n\nIt looks like an Error Handling issue, rather than signaling the difficulty, LLM is defaulting back to the last successful recursion. Or it could be a gap in training data.""}","The first prompt was intended to create a simple addition program. The second revision extended it by adding recursion and logic to handle numbers that fall between evens or odds, which was successfully implemented. The third prompt requested converting this program into a batch file (CMD script) due to limited access to a Python environment. However, instead of producing a batch script, the LLM repeatedly returned the same Python program. While the output itself was correct, it was not the expected format.  It looks like an Error Handling issue, rather than signaling the difficulty, LLM is defaulting back to the last successful recursion. Or it could be a gap in training data.",150
22,61E79E6E-C46C-4D49-AE03-89E7FA8ED45A,BB5F6196-1621-43A3-B0C2-08DDE30D641E,Creative,4,4,2,1,1,"{""finalOutputSatisfaction"":""4"",""llmOutputAccuracy"":""4"",""requiredPromptRevisionsForAccuracy"":""2"",""finalOutputSatisfactory"":""true"",""wouldUseCurrentLLMOutputInRealWorld"":""true"",""poorLLMOutputRemarks"":""""}",,224
22,6230E779-E183-4E7E-AFC5-91A07C7CEE5A,BB5F6196-1621-43A3-B0C2-08DDE30D641E,Creative,4,4,3,1,1,"{""finalOutputSatisfaction"":""4"",""llmOutputAccuracy"":""4"",""requiredPromptRevisionsForAccuracy"":""3"",""finalOutputSatisfactory"":""true"",""wouldUseCurrentLLMOutputInRealWorld"":""true"",""poorLLMOutputRemarks"":""""}",,127
22,E169430D-DA3F-40CE-BD03-A1846B06CCA7,BB5F6196-1621-43A3-B0C2-08DDE30D641E,Labeling,4,4,2,1,1,"{""finalOutputSatisfaction"":""4"",""llmOutputAccuracy"":""4"",""requiredPromptRevisionsForAccuracy"":""2"",""finalOutputSatisfactory"":""true"",""wouldUseCurrentLLMOutputInRealWorld"":""true"",""poorLLMOutputRemarks"":""""}",,419
22,51046BD0-B325-4847-BF5F-B3143935F47F,BB5F6196-1621-43A3-B0C2-08DDE30D641E,Analytical,5,4,2,1,1,"{""finalOutputSatisfaction"":""5"",""llmOutputAccuracy"":""4"",""requiredPromptRevisionsForAccuracy"":""2"",""finalOutputSatisfactory"":""true"",""wouldUseCurrentLLMOutputInRealWorld"":""true"",""poorLLMOutputRemarks"":""""}",,112
22,6A6D2469-3AED-4B15-8543-BDFBED2F4258,BB5F6196-1621-43A3-B0C2-08DDE30D641E,Analytical,4,4,2,1,1,"{""finalOutputSatisfaction"":""4"",""llmOutputAccuracy"":""4"",""requiredPromptRevisionsForAccuracy"":""2"",""finalOutputSatisfactory"":""true"",""wouldUseCurrentLLMOutputInRealWorld"":""true"",""poorLLMOutputRemarks"":""""}",,202
22,892BA449-246B-404D-BE83-C0D7246C48A6,BB5F6196-1621-43A3-B0C2-08DDE30D641E,Procedural,4,4,2,1,1,"{""finalOutputSatisfaction"":""4"",""llmOutputAccuracy"":""4"",""requiredPromptRevisionsForAccuracy"":""2"",""finalOutputSatisfactory"":""true"",""wouldUseCurrentLLMOutputInRealWorld"":""true"",""poorLLMOutputRemarks"":""""}",,907
22,6AC73906-4C73-426C-BF80-CE620D03E469,BB5F6196-1621-43A3-B0C2-08DDE30D641E,Labeling,4,4,3,1,1,"{""finalOutputSatisfaction"":""4"",""llmOutputAccuracy"":""4"",""requiredPromptRevisionsForAccuracy"":""3"",""finalOutputSatisfactory"":""true"",""wouldUseCurrentLLMOutputInRealWorld"":""true"",""poorLLMOutputRemarks"":""""}",,347